epoch,loss,step
24,0.6867642998695374,49
49,0.6579232811927795,99
74,0.6150089502334595,149
99,0.5523646473884583,199
