epoch,loss,step
24,0.5133563876152039,49
49,0.4621317982673645,99
74,0.41071268916130066,149
99,0.35665658116340637,199
